{"cameraMode":{"drawMode":0,"name":"Shaded","section":"Shading Mode"},"sceneLighting":true,"audioPlay":false,"sceneViewState":{"showFog":true,"showMaterialUpdate":false,"showSkybox":true,"showFlares":true,"showImageEffects":true,"showParticleSystems":true},"in2DMode":false,"pivot":{"x":-5.587364673614502,"y":-4.869980812072754,"z":-0.7613900899887085},"rotation":{"x":0.15380722284317017,"y":-0.5317742228507996,"z":0.09893438220024109,"w":0.826934814453125},"size":7.676992893218994,"orthographic":false}