{"cameraMode":{"drawMode":0,"name":"Shaded","section":"Shading Mode"},"sceneLighting":true,"audioPlay":false,"sceneViewState":{"showFog":true,"showMaterialUpdate":false,"showSkybox":true,"showFlares":true,"showImageEffects":true,"showParticleSystems":true},"in2DMode":false,"pivot":{"x":-11.366351127624512,"y":-3.0451467037200929,"z":1.2991493940353394},"rotation":{"x":-0.17526927590370179,"y":0.49532485008239748,"z":-0.10278613120317459,"w":-0.8446141481399536},"size":10.449999809265137,"orthographic":false}