{"cameraMode":{"drawMode":0,"name":"Shaded","section":"Shading Mode"},"sceneLighting":true,"audioPlay":false,"sceneViewState":{"showFog":true,"showMaterialUpdate":false,"showSkybox":true,"showFlares":true,"showImageEffects":true,"showParticleSystems":true},"in2DMode":false,"pivot":{"x":3.028580904006958,"y":1.611127495765686,"z":13.465228080749512},"rotation":{"x":-0.08744844049215317,"y":0.30823954939842226,"z":0.0284594614058733,"w":0.9468782544136047},"size":7.676992893218994,"orthographic":false}