{"cameraMode":{"drawMode":0,"name":"Shaded","section":"Shading Mode"},"sceneLighting":true,"audioPlay":false,"sceneViewState":{"showFog":true,"showMaterialUpdate":false,"showSkybox":true,"showFlares":true,"showImageEffects":true,"showParticleSystems":true},"in2DMode":false,"pivot":{"x":4.532320499420166,"y":-0.7045802474021912,"z":-4.131921768188477},"rotation":{"x":-0.030533475801348687,"y":-0.9286285042762756,"z":0.07846960425376892,"w":-0.36136072874069216},"size":3.8344318866729738,"orthographic":false}