{"cameraMode":{"drawMode":0,"name":"Shaded","section":"Shading Mode"},"sceneLighting":true,"audioPlay":false,"sceneViewState":{"showFog":true,"showMaterialUpdate":false,"showSkybox":true,"showFlares":true,"showImageEffects":true,"showParticleSystems":true},"in2DMode":false,"pivot":{"x":0.704999566078186,"y":-0.39613664150238039,"z":0.29595184326171877},"rotation":{"x":0.12623047828674317,"y":0.07135908305644989,"z":-0.009103609248995781,"w":0.9893907904624939},"size":4.1019721031188969,"orthographic":false}