{"cameraMode":{"drawMode":0,"name":"Shaded","section":"Shading Mode"},"sceneLighting":true,"audioPlay":false,"sceneViewState":{"showFog":true,"showMaterialUpdate":false,"showSkybox":true,"showFlares":true,"showImageEffects":true,"showParticleSystems":true},"in2DMode":false,"pivot":{"x":-0.5359141826629639,"y":1.3706341981887818,"z":35.09209442138672},"rotation":{"x":-0.00749886455014348,"y":-0.017396720126271249,"z":-0.00013036109157837927,"w":0.999821126461029},"size":14.480133056640625,"orthographic":false}